date,open,high,close,low,volume,price_change,p_change,ma5,ma10,ma20,v_ma5,v_ma10,v_ma20
2019-02-12,27.45,27.58,27.4,26.85,510238.62,-0.27,-0.98,27.542,26.747,26.03,496291.15,399196.82,343170.75
2019-02-11,27.27,27.69,27.67,26.89,448513.19,-0.01,-0.04,27.438,26.547,25.91,467857.75,386106.64,328377.92
2019-02-01,28.15,28.22,27.68,26.98,518543.16,-0.07,-0.25,27.116,26.345,25.779,439936.42,366805.3,327310.0
2019-01-31,27.39,28.15,27.75,27.0,411857.59,0.54,1.99,26.8,26.153,25.641,426579.02,351523.31,320269.2
2019-01-30,26.7,27.82,27.21,26.63,592303.19,0.33,1.23,26.332,25.875,25.457,391193.72,334927.14,310794.0
2019-01-29,25.91,26.88,26.88,25.87,368071.62,0.82,3.15,25.952,25.696,25.292,302102.48,302443.43,293529.36
2019-01-28,26.2,26.62,26.06,25.86,308906.56,-0.04,-0.15,25.656,25.524,25.139,304355.52,302512.15,291266.32
2019-01-25,25.51,26.35,26.1,25.49,451756.16,0.69,2.71,25.574,25.42,25.008,293674.18,289949.63,293446.08
2019-01-24,25.42,25.54,25.41,24.93,234931.05,0.1,0.4,25.506,25.34,24.893,276467.6,268843.5,281957.63
2019-01-23,25.35,25.49,25.31,25.2,146847.03,-0.09,-0.35,25.418,25.31,24.821,278660.56,267815.32,291556.15
2019-01-22,25.5,26.17,25.4,25.23,379336.81,-0.25,-0.97,25.44,25.312,24.749,302784.37,287144.68,308874.77
2019-01-21,25.71,25.95,25.65,25.4,255499.84,-0.11,-0.43,25.392,25.272,24.692,300668.78,270649.2,320303.89
2019-01-18,25.0,25.76,25.76,24.99,365723.28,0.79,3.16,25.266,25.212,24.674,286225.08,287814.7,328141.39
2019-01-17,25.5,25.5,24.97,24.94,245895.86,-0.45,-1.77,25.174,25.129,24.655,261219.4,289015.09,324388.4
2019-01-16,25.15,25.5,25.42,24.83,267466.06,0.26,1.03,25.202,25.039,24.682,256970.07,286660.86,332777.32
2019-01-15,25.0,25.16,25.16,24.32,368758.84,0.14,0.56,25.184,24.887,24.737,271504.98,284615.28,335480.63
2019-01-14,25.13,25.3,25.02,24.92,183281.34,-0.28,-1.11,25.152,24.753,24.802,240629.62,280020.49,332616.32
2019-01-11,25.1,25.54,25.3,25.01,240694.91,0.19,0.76,25.158,24.595,24.906,289404.32,296942.53,355675.42
2019-01-10,25.22,25.56,25.11,25.03,224649.2,-0.22,-0.87,25.084,24.445,24.958,316810.77,295071.77,367878.67
2019-01-09,25.4,25.88,25.33,25.11,340140.62,0.33,1.32,24.876,24.331,25.001,316351.65,315296.98,378331.39
2019-01-08,25.05,25.2,25.0,24.63,214382.02,-0.05,-0.2,24.59,24.186,24.985,297725.58,330604.86,375056.2
2019-01-07,25.29,25.53,25.05,24.99,427154.84,0.12,0.48,24.354,24.111,25.002,319411.36,369958.58,378101.04
2019-01-04,23.91,25.0,24.93,23.85,377727.19,0.86,3.57,24.032,24.136,25.004,304480.74,368468.08,368894.44
2019-01-03,23.79,24.5,24.07,23.71,222353.59,0.17,0.71,23.806,24.181,25.023,273332.76,359761.71,370366.88
2019-01-02,23.83,24.09,23.9,23.67,247010.28,0.08,0.34,23.786,24.324,25.076,314242.3,378893.77,384746.5
2018-12-28,23.67,24.24,23.82,23.67,322810.91,0.38,1.62,23.782,24.586,25.167,363484.13,386345.98,402803.46
2018-12-27,24.25,24.56,23.44,23.44,352501.75,-0.36,-1.51,23.868,24.85,25.248,420505.8,385212.15,396300.62
2018-12-26,23.84,23.98,23.8,23.58,221987.27,-0.17,-0.71,24.24,25.216,25.341,432455.41,414408.32,398357.69
2018-12-25,23.42,24.22,23.97,23.38,426901.28,0.09,0.38,24.556,25.471,25.445,446190.65,440685.58,406566.6
2018-12-24,23.92,24.08,23.88,23.33,493219.44,-0.37,-1.53,24.862,25.671,25.494,443545.25,441365.8,394846.14
2018-12-21,25.17,25.18,24.25,23.7,607919.25,-1.05,-4.15,25.39,25.783,25.559,409207.84,419507.54,382239.7
2018-12-20,25.45,25.8,25.3,24.91,412249.81,-0.08,-0.32,25.832,25.892,25.592,349918.51,386243.5,366675.2
2018-12-19,25.71,26.09,25.38,25.15,290663.47,-0.12,-0.47,26.192,25.872,25.608,396361.22,369320.8,361104.08
2018-12-18,26.23,26.39,25.5,25.34,413674.28,-1.02,-3.85,26.386,25.864,25.641,435180.51,380972.06,375653.62
2018-12-17,26.51,26.75,26.52,25.94,321532.38,0.06,0.23,26.48,25.827,25.648,439186.35,390599.23,378677.5
2018-12-14,26.78,27.11,26.46,26.31,311472.59,-0.64,-2.36,26.176,25.748,25.621,429807.25,419260.93,392129.18
2018-12-13,26.69,27.47,27.1,26.4,644463.38,0.75,2.85,25.952,25.646,25.537,422568.48,407389.08,401354.84
2018-12-12,26.31,26.8,26.35,26.14,484759.91,0.38,1.46,25.552,25.465,25.401,342280.37,382307.07,382062.85
2018-12-11,24.95,25.98,25.97,24.91,433703.47,0.97,3.88,25.342,25.418,25.291,326763.61,372447.61,388768.99
2018-12-10,25.12,25.59,25.0,24.9,274636.88,-0.34,-1.34,25.174,25.316,25.189,342012.11,348326.49,389755.02
2018-12-07,25.12,25.85,25.34,25.12,275278.78,0.24,0.96,25.32,25.335,25.133,408714.62,344971.85,395360.29
2018-12-06,24.91,25.47,25.1,24.9,243022.81,-0.2,-0.79,25.34,25.291,25.044,392209.67,347106.91,400060.52
2018-12-05,24.81,25.69,25.3,24.76,407176.09,0.17,0.68,25.378,25.344,24.988,422333.77,352887.37,415319.42
2018-12-04,25.56,25.56,25.13,24.86,509945.97,-0.6,-2.33,25.494,25.417,24.916,418131.62,370335.18,417033.52
2018-12-03,26.0,26.06,25.73,24.81,608149.44,0.29,1.14,25.458,25.469,24.866,354640.87,366755.77,412577.42
2018-11-30,25.27,25.53,25.44,25.03,192754.06,0.15,0.59,25.35,25.493,24.782,281229.09,364997.43,411354.73
2018-11-29,25.95,26.48,25.29,25.0,393643.31,-0.59,-2.28,25.242,25.427,24.741,302004.15,395320.61,434333.98
2018-11-28,25.0,25.88,25.88,24.99,386165.31,0.93,3.73,25.31,25.336,24.697,283440.97,381818.63,445544.18
2018-11-27,25.2,25.29,24.95,24.78,192492.23,-0.24,-0.95,25.34,25.163,24.615,322538.75,405090.38,454518.36
2018-11-26,25.03,25.47,25.19,24.74,241090.52,0.29,1.17,25.48,25.062,24.552,378870.66,431183.56,475039.76
2018-11-23,25.65,25.65,24.9,24.68,296629.38,-0.73,-2.85,25.636,24.931,24.432,448765.77,445748.73,493929.07
2018-11-22,25.99,25.99,25.63,25.28,300827.41,-0.4,-1.54,25.612,24.796,24.378,488637.06,453014.14,515585.43
2018-11-21,25.38,26.68,26.03,25.35,581654.19,0.38,1.48,25.362,24.632,24.271,480196.3,477751.47,547179.04
2018-11-20,25.78,26.43,25.65,25.23,474151.81,-0.32,-1.23,24.986,24.414,24.098,487642.01,463731.87,543769.37
2018-11-19,24.7,25.97,25.97,24.68,590566.06,1.19,4.8,24.644,24.263,23.923,483496.45,458399.08,545548.42
2018-11-16,24.29,25.1,24.78,24.02,495985.84,0.4,1.64,24.226,24.07,23.765,442731.69,457712.03,566434.61
2018-11-15,24.05,24.4,24.38,23.96,258623.58,0.23,0.95,23.98,24.054,23.604,417391.21,473347.36,579625.81
2018-11-14,24.18,24.49,24.15,23.96,618882.75,0.21,0.88,23.902,24.058,23.415,475306.64,509269.73,595592.59
2018-11-13,23.48,24.03,23.94,23.44,453424.03,0.06,0.25,23.842,24.066,23.268,439821.73,503946.34,580023.85
2018-11-12,23.41,23.96,23.88,23.4,386742.25,0.33,1.4,23.882,24.041,23.122,433301.7,518895.97,577230.3
2018-11-09,23.89,24.33,23.55,23.53,369283.44,-0.44,-1.83,23.914,23.933,23.001,472692.36,542109.41,580168.98
2018-11-08,24.15,24.59,23.99,23.92,548200.75,0.14,0.59,24.128,23.959,22.914,529303.51,578156.73,588273.95
2018-11-07,24.18,24.5,23.85,23.71,441458.16,-0.29,-1.2,24.214,23.909,22.761,543232.81,616606.6,596341.57
2018-11-06,24.03,24.4,24.14,23.71,420823.91,0.1,0.42,24.29,23.782,22.656,568070.94,623806.88,596158.55
2018-11-05,24.48,24.48,24.04,23.7,583695.56,-0.58,-2.36,24.2,23.582,22.54,604490.24,632697.76,606549.03
2018-11-02,25.2,25.25,24.62,24.0,652339.19,0.2,0.82,23.952,23.46,22.44,611526.45,675157.19,629259.99
2018-11-01,24.9,25.27,24.42,24.28,617847.25,0.19,0.78,23.79,23.154,22.424,627009.94,685904.25,630804.84
2018-10-31,23.68,24.6,24.23,23.3,565648.81,0.54,2.28,23.604,22.771,22.426,689980.39,681915.45,622177.2
2018-10-30,23.31,23.88,23.69,22.65,602920.38,0.89,3.9,23.274,22.47,22.448,679542.81,656101.36,636188.98
2018-10-29,24.28,24.33,22.8,22.53,618876.62,-1.01,-4.24,22.964,22.202,22.495,660905.27,635564.63,651484.88
2018-10-26,23.71,24.75,23.81,23.46,729756.62,0.32,1.36,22.968,22.069,22.645,738787.94,618228.54,673751.87
2018-10-25,22.18,23.5,23.49,22.0,932699.5,0.91,4.03,22.518,21.868,22.655,744798.56,598391.18,663356.68
2018-10-24,22.23,23.12,22.58,22.1,513460.91,0.44,1.99,21.938,21.612,22.689,673850.51,576076.53,682613.55
2018-10-23,22.88,22.92,22.14,22.05,509732.72,-0.68,-2.98,21.666,21.529,22.71,632659.91,568510.22,677172.21
2018-10-22,21.88,23.26,22.82,21.73,1008289.94,1.26,5.84,21.44,21.497,22.745,610223.99,580400.29,664438.66
2018-10-19,20.61,21.99,21.56,20.4,759809.75,0.97,4.71,21.17,21.42,22.77,497669.15,583362.79,630767.7
2018-10-18,21.1,21.22,20.59,20.51,577959.25,-0.63,-2.97,21.218,21.694,22.847,451983.79,575705.44,616219.11
2018-10-17,21.35,21.46,21.22,20.88,307507.88,0.21,1.0,21.286,22.08,22.961,478302.55,562438.94,603012.23
2018-10-16,21.6,22.06,21.01,20.86,397553.12,-0.46,-2.14,21.392,22.425,23.067,504360.52,616276.59,605554.77
2018-10-15,21.78,21.78,21.47,21.15,445515.75,-0.33,-1.51,21.554,22.788,23.19,550576.6,667405.14,609423.0
2018-10-12,21.14,21.95,21.8,21.05,531382.94,0.87,4.16,21.67,23.221,23.277,669056.43,729275.2,603894.38
2018-10-11,21.0,21.5,20.93,20.81,709553.06,-0.82,-3.77,22.17,23.442,23.327,699427.09,728322.18,596093.68
2018-10-10,21.77,22.03,21.75,21.4,437797.75,-0.07,-0.32,22.874,23.766,23.451,646575.34,789150.57,587948.24
2018-10-09,22.05,22.12,21.82,21.26,628633.5,-0.23,-1.04,23.458,23.891,23.585,728192.66,785834.2,587941.08
2018-10-08,22.95,23.2,22.05,21.98,1037914.88,-2.25,-9.26,24.022,23.992,23.672,784233.68,748477.02,581390.03
2018-09-28,24.5,24.9,24.3,23.95,683236.25,-0.15,-0.61,24.772,24.119,23.772,789493.98,678172.61,550901.54
2018-09-27,24.63,24.78,24.45,24.3,445294.31,-0.22,-0.89,24.714,23.999,23.732,757217.27,656732.79,531035.91
2018-09-26,24.66,25.33,24.67,23.89,845884.38,0.03,0.12,24.658,23.842,23.705,931725.81,643585.51,523328.36
2018-09-25,24.8,25.12,24.64,24.4,908838.56,-1.16,-4.5,24.324,23.709,23.665,843475.74,594832.94,498439.2
2018-09-21,24.2,26.0,25.8,23.93,1064216.38,1.79,7.46,23.962,23.591,23.629,712720.36,551440.87,482714.33
2018-09-20,24.01,24.43,24.01,23.8,521852.72,-0.16,-0.66,23.466,23.332,23.478,566851.25,478513.56,443174.39
2018-09-19,23.03,24.67,24.17,22.91,1317837.0,1.17,5.09,23.284,23.212,23.418,556248.3,463865.18,444234.69
2018-09-18,22.65,23.1,23.0,22.47,404634.03,0.17,0.74,23.026,23.136,23.406,355445.21,386745.92,399434.53
2018-09-17,23.04,23.23,22.83,22.72,255061.69,-0.49,-2.1,23.094,23.279,23.451,346190.15,390047.96,403995.14
2018-09-14,23.13,23.39,23.32,22.81,334870.81,0.22,0.95,23.22,23.351,23.477,390161.37,414303.04,415048.71
2018-09-13,23.31,23.47,23.1,22.78,468837.97,0.22,0.96,23.198,23.424,23.446,390175.87,423630.47,419513.2
2018-09-12,23.24,23.3,22.88,22.61,313821.53,-0.46,-1.97,23.14,23.464,23.427,371482.06,405339.04,420590.52
2018-09-11,23.39,23.64,23.34,23.09,358358.75,-0.12,-0.51,23.246,23.567,23.398,418046.63,403071.22,428527.12
2018-09-10,23.42,23.85,23.46,23.11,474917.81,0.25,1.08,23.464,23.621,23.347,433905.77,402045.46,434948.42
2018-09-07,22.85,23.65,23.21,22.85,334943.31,0.4,1.75,23.482,23.666,23.326,438444.7,413987.79,435677.27
2018-09-06,23.32,23.56,22.81,22.69,375368.88,-0.6,-2.56,23.65,23.623,23.324,457085.06,407835.22,478988.25
2018-09-05,24.11,24.2,23.41,23.41,546644.38,-1.02,-4.17,23.788,23.624,23.308,439196.02,424604.2,505029.82
2018-09-04,23.66,24.44,24.43,23.41,437654.47,0.88,3.74,23.888,23.675,23.212,388095.81,412123.15,498233.61
2018-09-03,23.85,24.57,23.55,23.38,497612.44,-0.5,-2.08,23.778,23.623,23.084,370185.14,417942.32,498933.54
2018-08-31,23.2,24.36,24.05,23.18,428145.12,0.55,2.34,23.85,23.603,22.949,389530.88,415794.39,489838.02
2018-08-30,23.8,24.18,23.5,23.48,285923.69,-0.41,-1.72,23.596,23.467,22.801,358585.38,415395.92,485734.38
2018-08-29,23.74,24.4,23.91,23.72,291143.31,0.03,0.13,23.46,23.389,22.695,410012.38,435842.0,505327.08
2018-08-28,23.8,24.14,23.88,23.73,348101.16,-0.03,-0.12,23.462,23.228,22.617,436150.49,453983.02,524463.22
2018-08-27,22.98,24.06,23.91,22.85,594341.12,1.13,4.96,23.468,23.072,22.589,465699.5,467851.39,524787.07
2018-08-24,22.66,23.01,22.78,22.39,273417.62,-0.04,-0.17,23.356,22.985,22.552,442057.9,457366.75,512923.34
2018-08-23,23.0,23.15,22.82,22.24,543058.69,-0.2,-0.87,23.338,23.025,22.579,472206.47,550141.29,515393.84
2018-08-22,23.91,24.08,23.92,23.67,421833.84,0.01,0.04,23.318,22.991,22.624,461671.62,585455.44,507497.64
2018-08-21,23.39,23.98,23.91,23.22,495846.25,0.56,2.4,22.994,22.749,22.637,471815.56,584344.07,504165.1
2018-08-20,22.93,23.44,23.35,22.59,476133.12,0.66,2.91,22.676,22.544,22.66,470003.27,579924.75,521013.5
2018-08-17,22.9,23.2,22.69,22.64,424160.44,-0.03,-0.13,22.614,22.295,22.68,472675.59,563881.64,524992.15
2018-08-16,21.63,23.08,22.72,21.61,490384.44,0.42,1.88,22.712,22.134,22.703,628076.11,556072.83,534293.9
2018-08-15,22.39,22.58,22.3,22.22,472553.53,-0.02,-0.09,22.664,22.0,22.701,709239.26,574812.16,535122.14
2018-08-14,23.0,23.05,22.32,22.05,486784.81,-0.72,-3.12,22.504,22.005,22.709,696872.58,594943.41,532026.56
2018-08-13,22.6,23.21,23.04,22.46,489494.75,-0.14,-0.6,22.412,22.105,22.742,689846.24,581722.74,523380.79
2018-08-10,23.0,24.07,23.18,22.93,1201163.0,0.7,3.11,21.976,22.119,22.748,655087.69,568479.93,520440.75
2018-08-09,21.5,22.55,22.48,21.4,896200.19,0.98,4.56,21.556,22.133,22.775,484069.56,480646.39,480760.37
2018-08-08,21.89,22.29,21.5,21.5,410720.16,-0.36,-1.65,21.336,22.256,22.843,440385.07,429539.85,455161.78
2018-08-07,21.15,21.86,21.86,20.93,451653.09,1.0,4.79,21.506,22.524,22.941,493014.24,423986.13,448928.42
2018-08-06,21.18,21.32,20.86,20.52,315702.03,-0.22,-1.04,21.798,22.776,23.056,473599.25,462102.25,445808.74
2018-08-03,21.39,21.54,21.08,21.05,346072.31,-0.3,-1.4,22.262,23.065,23.213,481872.16,486102.66,450254.97
2018-08-02,22.34,22.34,21.38,21.07,677777.75,-0.97,-4.34,22.71,23.271,23.32,477223.22,512514.96,450297.86
2018-08-01,23.24,23.24,22.35,22.21,673866.0,-0.97,-4.16,23.176,23.401,23.403,418694.63,495432.13,429772.9
2018-07-31,23.29,23.49,23.32,23.06,354578.16,0.14,0.6,23.542,23.413,23.436,354958.02,469109.71,408573.65
2018-07-30,23.54,23.7,23.18,22.82,357066.56,-0.14,-0.6,23.754,23.379,23.441,450605.24,465038.83,418342.99
2018-07-27,23.55,23.81,23.32,23.24,322827.62,-0.39,-1.65,23.868,23.376,23.422,490333.15,472401.58,442799.85
2018-07-26,24.34,24.51,23.71,23.57,385134.81,-0.47,-1.94,23.832,23.416,23.486,547806.71,480874.36,444302.71
2018-07-25,24.38,24.58,24.18,24.0,355182.97,-0.2,-0.82,23.626,23.43,23.494,572169.62,480783.72,448171.61
2018-07-24,24.04,25.09,24.38,24.04,832814.25,0.63,2.65,23.284,23.358,23.496,583261.4,473870.72,464029.83
2018-07-23,22.96,23.9,23.75,22.9,555706.12,0.61,2.64,23.004,23.335,23.554,479472.41,429515.24,451979.58
2018-07-20,22.64,23.49,23.14,22.02,610195.38,0.46,2.03,22.884,23.361,23.691,454470.01,414407.29,454984.86
2018-07-19,22.7,22.96,22.68,22.5,506949.38,0.21,0.94,23.0,23.368,23.939,413942.01,388080.75,446693.42
2018-07-18,23.02,23.05,22.47,22.42,410641.88,-0.51,-2.22,23.234,23.405,24.192,389397.81,364113.67,460242.56
2018-07-17,23.05,23.28,22.98,22.65,313869.31,-0.17,-0.73,23.432,23.458,24.416,364480.03,348037.59,459380.48
2018-07-16,23.59,23.66,23.15,22.81,430694.09,-0.57,-2.4,23.666,23.502,24.622,379558.06,371647.14,473709.12
2018-07-13,24.24,24.35,23.72,23.64,407555.38,-0.13,-0.55,23.838,23.467,24.864,374344.56,413198.12,487084.18
2018-07-12,23.58,24.22,23.85,23.47,384228.41,0.39,1.66,23.736,23.555,25.047,362219.49,407731.07,484586.63
2018-07-11,23.48,23.63,23.46,23.17,286052.97,-0.69,-2.86,23.576,23.558,25.236,338829.52,415559.51,495517.39
2018-07-10,24.2,24.49,24.15,23.77,389259.47,0.14,0.58,23.484,23.634,25.449,331595.14,454188.94,506133.36
2018-07-09,23.37,24.05,24.01,23.37,404626.59,0.8,3.45,23.338,23.773,25.607,363736.22,474443.92,512992.23
2018-07-06,23.34,23.6,23.21,22.65,346930.0,0.16,0.69,23.096,24.021,25.742,452051.67,495562.44,512188.16
2018-07-05,23.02,23.41,23.05,22.85,267278.59,0.05,0.22,23.374,24.51,25.951,453242.65,505306.1,524718.44
2018-07-04,23.46,23.75,23.0,23.0,249881.05,-0.42,-1.79,23.54,24.978,26.148,492289.49,556371.44,536762.64
2018-07-03,23.1,23.48,23.42,22.8,549964.88,0.62,2.72,23.784,25.374,26.372,576782.73,570723.38,554610.66
2018-07-02,24.5,24.55,22.8,22.52,846203.81,-1.8,-7.32,24.208,25.742,26.566,585151.62,575771.1,566571.95
2018-06-29,24.1,24.6,24.6,23.89,352884.91,0.72,3.02,24.946,26.261,26.726,539073.21,560970.24,550300.3
2018-06-28,23.86,24.57,23.88,23.5,462512.81,-0.34,-1.4,25.646,26.538,26.776,557369.54,561442.19,567950.72
2018-06-27,25.5,25.51,24.22,23.81,672347.25,-1.32,-5.17,26.416,26.914,26.814,620453.39,575475.27,571833.52
2018-06-26,25.82,26.06,25.54,24.83,591809.31,-0.95,-3.59,26.964,27.263,26.883,564664.02,558077.79,566018.78
2018-06-25,28.25,28.38,26.49,26.41,615811.75,-1.61,-5.73,27.276,27.44,26.931,566390.59,551540.54,549158.06
2018-06-22,27.5,28.2,28.1,27.44,444366.59,0.37,1.33,27.576,27.462,26.926,582867.27,528813.87,531867.75
2018-06-21,26.97,28.5,27.73,26.82,777932.06,0.77,2.86,27.43,27.391,26.853,565514.84,544130.79,521729.96
2018-06-20,26.99,27.29,26.96,26.41,393400.41,-0.14,-0.52,27.412,27.317,26.807,530497.14,517153.84,504491.89
2018-06-19,27.85,27.85,27.1,26.91,600442.12,-0.89,-3.18,27.562,27.37,26.795,551491.56,538497.93,505595.32
2018-06-15,27.37,28.3,27.99,27.33,698195.19,0.62,2.27,27.604,27.39,26.793,536690.49,557372.8,497195.55
2018-06-14,27.48,27.76,27.37,27.12,357604.44,-0.27,-0.98,27.348,27.191,26.751,474760.47,539630.37,482646.91
2018-06-13,27.41,28.25,27.64,27.31,602843.56,-0.07,-0.25,27.352,27.013,26.722,522746.74,574459.25,487047.88
2018-06-12,27.57,27.83,27.71,27.23,498372.47,0.4,1.47,27.222,26.713,26.702,503810.53,568191.77,475567.61
2018-06-11,26.74,27.73,27.31,26.68,526436.81,0.6,2.25,27.178,26.502,26.704,525504.31,573959.76,470902.45
2018-06-08,27.1,27.18,26.71,26.55,388545.09,-0.68,-2.48,27.176,26.421,26.735,578055.11,546775.58,462122.53
2018-06-07,27.07,27.64,27.39,26.95,597535.75,0.4,1.48,27.034,26.389,26.797,604500.26,534921.62,458610.47
2018-06-06,27.3,27.54,26.99,26.85,508162.53,-0.5,-1.82,26.674,26.315,26.831,626171.76,499329.14,450215.66
2018-06-05,27.29,27.77,27.49,26.84,606841.38,0.19,0.7,26.204,26.296,26.891,632573.01,491829.95,445259.07
2018-06-04,26.3,27.38,27.3,26.28,789190.81,1.3,5.0,25.826,26.219,26.951,622415.21,472692.71,447707.88
2018-06-01,25.39,26.46,26.0,25.3,520770.81,0.41,1.6,25.666,26.196,26.955,515496.05,437018.3,428671.02
2018-05-31,24.77,25.68,25.59,24.56,705893.25,0.95,3.86,25.744,26.311,27.001,465342.98,425663.45,423901.66
2018-05-30,25.21,25.21,24.64,24.58,540168.81,-0.96,-3.75,25.956,26.431,27.088,372486.52,399636.51,415727.99
2018-05-29,26.3,26.37,25.6,25.34,556052.38,-0.9,-3.4,26.388,26.69,27.24,351086.88,382943.44,408578.09
2018-05-28,26.39,26.82,26.5,26.3,254595.0,0.11,0.42,26.612,26.905,27.38,322970.21,367845.13,399873.38
2018-05-25,26.68,26.91,26.39,26.32,270005.47,-0.26,-0.98,26.726,27.049,27.48,358540.56,377469.49,427756.76
2018-05-24,26.8,26.85,26.65,26.52,241610.92,-0.15,-0.56,26.878,27.204,27.666,385983.92,382299.31,434140.7
2018-05-23,26.72,27.17,26.8,26.56,433170.62,0.08,0.3,26.906,27.346,27.88,426786.51,401102.18,445551.76
2018-05-22,27.05,27.05,26.72,26.58,415469.03,-0.35,-1.29,26.992,27.486,28.036,414800.01,398688.2,433978.94
2018-05-21,27.23,27.31,27.07,26.81,432446.75,-0.08,-0.29,27.198,27.683,28.207,412720.06,422723.04,425945.26
2018-05-18,26.7,27.15,27.15,26.53,407222.28,0.36,1.34,27.372,27.714,28.365,396398.42,420323.74,417136.68
2018-05-17,27.19,27.22,26.79,26.77,445623.88,-0.44,-1.62,27.53,27.69,28.51,378614.71,422139.87,413217.33
2018-05-16,27.55,27.75,27.23,27.21,373238.09,-0.52,-1.87,27.786,27.744,28.666,375417.84,431819.46,403846.02
2018-05-15,28.11,28.15,27.75,27.34,405069.28,-0.19,-0.68,27.98,27.789,28.806,382576.39,434212.73,411587.55
2018-05-14,28.08,28.29,27.94,27.87,350838.56,0.0,0.0,28.168,27.854,28.981,432726.03,431901.63,408912.72
2018-05-11,28.1,28.19,27.94,27.73,318303.72,-0.13,-0.46,28.056,27.91,29.177,444249.06,478044.03,408131.79
2018-05-10,28.32,28.53,28.07,27.7,429639.56,-0.13,-0.46,27.85,28.128,29.41,465665.03,485982.08,416513.12
2018-05-09,28.5,28.5,28.2,28.0,409030.81,-0.49,-1.71,27.702,28.414,29.616,488221.08,490001.33,418888.42
2018-05-08,27.4,28.86,28.69,27.33,655817.5,1.31,4.79,27.598,28.585,29.787,485849.08,469269.68,422342.85
2018-05-07,27.01,27.51,27.38,26.72,408453.69,0.47,1.75,27.54,28.731,29.992,431077.24,429167.47,418777.45
2018-05-04,27.26,27.56,26.91,26.81,425383.59,-0.42,-1.54,27.764,29.016,30.305,511839.01,413949.62,419952.06
2018-05-03,27.65,27.66,27.33,26.56,542419.81,-0.35,-1.26,28.406,29.329,30.634,506299.12,404294.8,425264.66
2018-05-02,28.4,28.66,27.68,27.63,397170.81,-0.72,-2.54,29.126,29.588,30.932,491781.59,375872.59,426778.27
2018-04-27,28.66,28.75,28.4,27.42,381958.28,-0.1,-0.35,29.572,29.823,31.256,452690.27,388962.37,456904.77
2018-04-26,30.3,30.3,28.5,28.26,812262.56,-1.62,-5.38,29.922,30.108,31.403,427257.7,385923.8,459143.3
2018-04-25,30.65,30.65,30.12,29.96,397684.16,-0.81,-2.62,30.268,30.443,31.529,316060.24,338219.54,447472.87
2018-04-24,29.85,31.1,30.93,29.8,469832.12,1.02,3.41,30.252,30.692,31.539,302290.47,347044.17,444503.11
2018-04-23,29.88,30.29,29.91,29.79,201714.23,-0.24,-0.8,30.05,30.817,31.546,259963.59,347775.5,446267.78
2018-04-20,30.18,30.5,30.15,29.92,254795.45,-0.08,-0.27,30.074,30.988,31.61,325234.47,375416.02,447971.42
2018-04-19,30.33,30.53,30.23,30.03,256275.23,0.19,0.63,30.294,31.253,31.685,344589.89,408387.44,451817.93
2018-04-18,30.29,30.69,30.04,29.74,328835.31,0.12,0.4,30.618,31.594,31.741,360378.85,425954.49,453510.05
2018-04-17,30.16,30.55,29.92,29.6,258197.72,-0.11,-0.37,31.132,31.939,31.818,391797.87,446234.52,455416.66
2018-04-16,31.2,31.23,30.03,29.56,528068.62,-1.22,-3.9,31.584,32.276,31.953,435587.42,477683.95,459385.38
2018-04-13,32.16,32.24,31.25,31.03,351572.59,-0.6,-1.88,31.902,32.689,32.085,425597.58,524847.17,445592.72
2018-04-12,32.57,32.86,31.85,31.75,335220.0,-0.76,-2.33,32.212,32.697,32.157,472184.98,532362.8,443805.74
2018-04-11,32.15,33.24,32.61,31.73,485930.44,0.43,1.34,32.57,32.614,32.189,491530.13,556726.2,438090.76
2018-04-10,31.52,32.18,32.18,31.06,477145.44,0.56,1.77,32.746,32.386,32.189,500671.16,541962.05,444104.65
2018-04-09,32.7,32.76,31.62,30.96,478119.41,-1.18,-3.6,32.968,32.275,32.253,519780.49,544760.05,436502.5
2018-04-04,32.3,33.95,32.8,32.1,584509.62,-0.84,-2.5,33.476,32.231,32.354,624096.75,520526.81,430147.66
2018-04-03,33.2,34.1,33.64,32.52,431945.72,0.15,0.45,33.182,32.117,32.359,592540.62,495248.43,420321.8
2018-04-02,33.65,34.47,33.49,33.32,531635.62,0.2,0.6,32.658,31.887,32.361,621922.27,481065.62,427774.92
2018-03-30,33.7,33.99,33.29,33.17,572692.06,-0.87,-2.55,32.026,31.696,32.295,583252.94,464598.8,419860.86
2018-03-29,31.54,34.46,34.16,31.03,999700.75,2.83,9.03,31.582,31.63,32.245,569739.61,441086.81,407368.18
2018-03-28,30.51,32.15,31.33,30.3,426728.97,0.31,1.0,30.986,31.48,32.157,416956.87,366338.27,374186.36
2018-03-27,30.89,31.87,31.02,30.71,578853.94,0.69,2.27,31.052,31.617,32.226,397956.23,355248.67,377850.13
2018-03-26,30.76,30.79,30.33,29.9,338288.97,-0.74,-2.38,31.116,31.763,32.32,340208.97,319455.32,374237.34
2018-03-23,30.02,31.07,31.07,29.21,505125.41,-0.11,-0.35,31.366,31.992,32.512,345944.67,346247.25,384355.65
2018-03-22,31.8,31.88,31.18,31.04,235787.08,-0.48,-1.52,31.678,32.231,32.695,312434.02,328244.95,378326.32
2018-03-21,31.47,32.15,31.66,31.31,331725.75,0.32,1.02,31.974,32.477,32.821,315719.67,339768.5,381655.63
2018-03-20,31.4,31.59,31.34,30.75,290117.62,-0.24,-0.76,32.182,32.601,32.896,312541.12,345395.18,378578.11
2018-03-19,32.57,32.58,31.58,31.52,366967.47,-1.05,-3.22,32.41,32.834,32.966,298701.68,374484.22,386805.64
2018-03-16,32.58,33.35,32.63,32.5,337572.16,-0.03,-0.09,32.618,32.894,32.982,346549.83,375122.92,388839.98
2018-03-15,32.5,33.1,32.66,32.41,252215.34,-0.04,-0.12,32.784,32.859,32.914,344055.88,373649.55,408208.62
2018-03-14,32.44,32.95,32.7,32.2,315833.0,0.22,0.68,32.98,32.834,32.918,363817.33,382034.44,424638.11
2018-03-13,32.59,32.84,32.48,32.37,220920.41,-0.14,-0.43,33.02,32.834,32.932,378249.24,400451.59,456452.94
2018-03-12,33.54,33.68,32.62,32.35,606208.25,-0.84,-2.51,33.258,32.876,33.099,450266.77,429019.37,480398.76
2018-03-09,33.87,33.91,33.46,33.34,325102.41,-0.18,-0.54,33.17,33.032,33.318,403696.0,422464.04,477720.08
2018-03-08,33.4,33.74,33.64,32.85,351022.56,0.74,2.25,32.934,33.158,33.514,403243.21,428407.69,491304.65
2018-03-07,33.44,33.92,32.9,32.8,387992.56,-0.77,-2.29,32.688,33.164,33.707,400251.56,423542.76,505524.79
2018-03-06,32.35,33.71,33.67,32.01,581008.06,1.49,4.63,32.648,33.191,33.94,422653.94,411761.05,531032.55
2018-03-05,32.49,33.15,32.18,32.07,373354.41,-0.1,-0.31,32.494,33.097,34.074,407771.96,399127.06,547393.87
2018-03-02,32.0,32.73,32.28,31.51,322838.47,-0.13,-0.4,32.894,33.069,34.394,441232.08,402557.05,558619.28
2018-03-01,32.17,33.09,32.41,32.02,336064.31,-0.29,-0.89,33.382,32.968,34.782,453572.16,442767.69,562980.48
2018-02-28,32.51,33.23,32.7,31.84,500004.47,-0.2,-0.61,33.64,33.002,35.171,446833.95,467241.77,578580.49
2018-02-27,34.2,34.28,32.9,32.65,506598.16,-1.28,-3.75,33.734,33.03,35.593,400868.16,512454.29,580711.75
2018-02-26,35.07,35.1,34.18,33.11,540655.0,-0.54,-1.55,33.7,33.322,35.997,390482.15,531778.15,587814.72
2018-02-23,33.9,35.1,34.72,33.33,384538.88,1.02,3.03,33.244,33.603,36.264,363882.01,532976.13,581108.29
2018-02-22,34.0,34.05,33.7,33.33,302373.25,0.53,1.6,32.554,33.869,36.499,431963.21,554201.61,589319.26
2018-02-14,32.87,33.32,33.17,32.17,270175.5,0.44,1.34,32.364,34.249,36.802,487649.59,587506.82,602143.01
2018-02-13,32.28,33.79,32.73,32.28,454668.12,0.83,2.6,32.326,34.688,37.132,624040.42,650304.05,629243.83
2018-02-12,31.43,32.32,31.9,31.31,407654.31,0.63,2.02,32.944,35.051,37.506,673074.15,695660.68,655433.67
2018-02-09,31.5,31.96,31.27,30.2,724944.88,-1.48,-4.52,33.962,35.718,37.765,702070.24,714681.52,672910.26
2018-02-08,33.0,33.88,32.75,32.49,580805.12,-0.23,-0.7,35.184,36.595,37.979,676440.0,683193.27,663513.68
2018-02-07,36.43,36.58,32.98,32.5,952129.69,-2.84,-7.93,36.134,37.34,38.099,687364.05,689919.21,654597.61
2018-02-06,35.93,36.1,35.82,34.88,699836.75,-1.17,-3.16,37.05,38.155,38.234,676567.68,648969.21,629675.92
2018-02-05,36.8,38.06,36.99,36.31,552634.75,-0.39,-1.04,37.158,38.671,38.235,718247.2,643851.28,618607.04
2018-02-02,36.5,37.9,37.38,35.8,596793.69,-0.12,-0.32,37.474,38.925,38.185,727292.8,629240.45,632514.48
2018-02-01,37.5,38.04,37.5,36.9,635425.38,-0.06,-0.16,38.006,39.129,38.054,689946.54,624436.9,644829.9
2018-01-31,36.61,37.76,37.56,35.62,898147.81,1.2,3.3,38.546,39.355,37.835,692474.38,616779.2,639512.92
2018-01-30,38.0,38.0,36.36,36.27,908234.38,-2.21,-5.73,39.26,39.576,37.573,621370.74,608183.62,626949.04
2018-01-29,40.38,40.56,38.57,38.09,597862.75,-1.47,-3.67,40.184,39.96,37.383,569455.36,615206.66,615708.99
2018-01-26,40.0,40.66,40.04,39.12,410062.38,-0.16,-0.4,40.376,39.812,37.008,531188.09,631138.99,605081.23
2018-01-25,41.12,41.12,40.2,38.8,648064.56,-0.93,-2.26,40.252,39.363,36.541,558927.27,643834.08,602943.91
2018-01-24,40.7,42.24,41.13,40.46,542629.62,0.15,0.37,40.164,38.858,36.07,541084.03,619276.01,590315.13
2018-01-23,40.0,41.51,40.98,39.99,648657.5,1.45,3.67,39.892,38.312,35.539,594996.5,610382.64,577125.93
2018-01-22,39.0,39.84,39.53,38.51,406526.41,0.11,0.28,39.736,37.798,35.008,660957.96,593362.8,570012.18
2018-01-19,39.85,41.09,39.42,39.25,548758.25,-0.34,-0.85,39.248,37.444,34.524,731089.89,635788.52,566796.18
2018-01-18,39.6,40.64,39.76,38.9,558848.38,-0.01,-0.03,38.474,36.978,34.039,728740.9,665222.89,569116.46
2018-01-17,39.48,40.6,39.77,38.3,812191.94,-0.43,-1.07,37.552,36.314,33.481,697467.99,662246.63,557625.37
2018-01-16,36.5,40.7,40.2,36.4,978464.81,3.11,8.38,36.732,35.57,32.951,625768.78,645714.46,534019.98
2018-01-15,35.84,38.0,37.09,35.61,757186.06,1.54,4.33,35.86,34.806,32.364,525767.64,616211.32,506161.09
2018-01-12,35.1,36.62,35.55,35.09,537013.31,0.4,1.14,35.64,34.203,31.965,540487.15,579023.46,488113.25
2018-01-11,35.55,35.78,35.15,34.54,402483.81,-0.52,-1.46,35.482,33.718,31.693,601704.87,562053.74,480365.97
2018-01-10,35.6,36.7,35.67,35.5,453695.91,-0.17,-0.47,35.076,33.282,31.432,627025.27,561354.25,476989.47
2018-01-09,35.63,36.11,35.84,34.95,478459.09,-0.15,-0.42,34.408,32.765,31.127,665660.13,543869.22,477686.62
2018-01-08,35.11,36.96,35.99,35.11,830783.62,1.23,3.54,33.752,32.218,30.832,706655.01,546661.56,478870.44
2018-01-05,32.98,35.88,34.76,32.8,843101.94,1.64,4.95,32.766,31.604,30.523,617559.77,497803.84,466740.62
2018-01-04,32.76,33.53,33.12,32.1,529085.81,0.79,2.44,31.954,31.1,30.283,522402.61,473010.03,454085.88
2018-01-03,32.5,33.78,32.33,32.23,646870.19,-0.23,-0.71,31.488,30.648,30.165,495683.22,453004.12,447121.31
2018-01-02,31.45,32.99,32.56,31.45,683433.5,1.5,4.83,31.122,30.331,30.1,422078.3,422325.51,442992.9
2017-12-29,30.75,31.71,31.06,30.74,385307.41,0.36,1.17,30.684,29.921,30.015,386668.11,396110.85,427815.73
2017-12-28,30.4,30.84,30.7,29.87,367316.16,-0.09,-0.29,30.442,29.726,29.998,378047.91,397203.03,436422.29
2017-12-27,30.55,31.09,30.79,30.4,395488.84,0.29,0.95,30.246,29.667,30.024,423617.44,398678.19,468089.75
2017-12-26,30.49,30.8,30.5,30.12,278845.59,0.13,0.43,29.808,29.582,30.176,410325.01,392624.7,493200.94
2017-12-25,30.3,31.33,30.37,30.27,506382.56,0.52,1.74,29.54,29.489,30.188,422572.71,411504.03,499547.98
2017-12-22,29.6,30.2,29.85,29.57,342206.41,0.13,0.44,29.158,29.445,30.246,405553.59,411079.32,500307.92
2017-12-21,28.72,30.19,29.72,28.63,595163.81,1.12,3.92,29.01,29.442,30.343,416358.15,435677.4,509414.75
2017-12-20,29.09,29.1,28.6,28.52,329026.69,-0.56,-1.92,29.088,29.465,30.422,373738.94,435161.74,508672.83
2017-12-19,28.66,29.25,29.16,28.4,340084.09,0.7,2.46,29.356,29.682,30.617,374924.39,441238.51,544869.98
2017-12-18,29.11,29.26,28.46,28.04,421286.97,-0.65,-2.23,29.438,29.869,30.749,400435.35,463660.3,581955.21
2017-12-15,30.12,30.12,29.11,29.1,396229.19,-1.0,-3.32,29.732,30.108,30.771,416605.05,459520.61,580645.29
2017-12-14,29.94,30.37,30.11,29.85,382067.75,0.17,0.57,29.874,30.27,30.76,454996.65,475641.54,589031.03
2017-12-13,29.57,30.1,29.94,29.35,334953.94,0.37,1.25,29.842,30.381,30.702,496584.53,537501.32,598649.24
2017-12-12,29.73,30.36,29.57,29.51,467638.91,-0.36,-1.2,30.008,30.769,30.627,507552.63,593777.18,608955.43
2017-12-11,29.82,29.95,29.93,29.3,502135.44,0.11,0.37,30.3,30.887,30.573,526885.25,587591.94,622364.76
2017-12-08,29.38,29.88,29.82,29.05,588187.19,-0.13,-0.43,30.484,31.046,30.43,502436.16,589536.52,614615.32
2017-12-07,30.57,31.9,29.95,29.9,590007.19,-0.82,-2.67,30.666,31.244,30.314,496286.44,583152.11,600501.59
2017-12-06,30.73,31.2,30.77,30.26,389794.44,-0.26,-0.84,30.92,31.379,30.2,578418.1,582183.93,582707.58
2017-12-05,30.6,31.48,31.03,30.2,564302.0,0.18,0.58,31.53,31.552,30.044,680001.72,648501.46,583150.93
2017-12-04,30.6,31.3,30.85,29.9,379890.0,0.12,0.39,31.474,31.628,29.885,648298.62,700250.12,573926.73
2017-12-01,30.5,32.03,30.73,30.5,557438.56,-0.49,-1.57,31.608,31.433,29.715,676636.87,701769.97,580406.49
2017-11-30,33.1,33.4,31.22,30.68,1000665.5,-2.6,-7.69,31.822,31.25,29.588,670017.77,702420.51,575305.98
2017-11-29,30.78,33.83,33.82,30.28,897712.56,3.07,9.98,31.838,31.022,29.5,585949.75,659797.17,543368.03
2017-11-28,31.09,31.35,30.75,30.1,405786.47,-0.77,-2.44,31.574,30.484,29.266,617001.19,624133.69,529628.96
2017-11-27,31.45,32.6,31.52,30.59,521581.28,-0.28,-0.88,31.782,30.259,29.177,752201.62,657137.59,532503.53
2017-11-24,31.18,32.29,31.8,30.47,524343.06,0.5,1.6,31.258,29.813,29.05,726903.06,639694.11,540260.02
2017-11-23,32.42,32.74,31.3,31.02,580325.38,-1.2,-3.69,30.678,29.384,28.835,734823.24,617851.08,536415.06
2017-11-22,31.9,33.08,32.5,31.54,1052969.75,0.71,2.23,30.206,29.021,28.646,733644.59,583231.24,528537.13
2017-11-21,28.54,31.79,31.79,28.54,1081788.62,2.89,10.0,29.394,28.535,28.393,631266.19,517800.39,498175.01
2017-11-20,28.8,29.01,28.9,27.48,395088.47,0.0,0.0,28.736,28.141,28.153,562073.57,447603.35,469544.98
2017-11-17,28.85,29.6,28.9,28.6,563944.0,-0.04,-0.14,28.368,27.997,28.005,552485.17,459043.01,459666.92
2017-11-16,28.35,29.38,28.94,28.32,574432.12,0.5,1.76,28.09,27.926,27.868,500878.92,448191.46,438765.49
2017-11-15,28.28,28.66,28.44,27.91,541077.75,-0.06,-0.21,27.836,27.977,27.723,432817.89,426938.89,420170.16
2017-11-14,27.05,28.5,28.5,26.7,735825.5,1.44,5.32,27.676,28.048,27.623,404334.6,435124.24,409818.89
2017-11-13,27.45,27.49,27.06,26.8,347146.47,-0.45,-1.64,27.546,28.094,27.508,333133.13,407869.46,382268.17
2017-11-10,27.6,27.83,27.51,27.36,305912.75,-0.16,-0.58,27.626,28.286,27.471,365600.85,440825.92,380661.25
2017-11-09,27.52,27.79,27.67,27.3,234126.98,0.03,0.11,27.762,28.285,27.442,395504.0,454979.03,381862.01
2017-11-08,27.75,28.14,27.64,27.41,398661.28,-0.21,-0.75,28.118,28.271,27.413,421059.89,473843.02,387604.65
2017-11-07,27.36,27.95,27.85,27.3,379818.16,0.39,1.42,28.42,28.25,27.375,465913.88,478549.63,388971.46
2017-11-06,28.2,28.27,27.46,26.95,509485.09,-0.73,-2.59,28.642,28.165,27.312,482605.79,491486.61,388335.61
2017-11-03,29.23,29.52,28.19,28.05,455428.47,-1.26,-4.28,28.946,28.012,27.262,516050.99,460290.82,398448.23
2017-11-02,29.3,29.48,29.45,28.68,361906.47,0.3,1.03,28.808,27.809,27.165,514454.06,429339.51,392964.44
2017-11-01,28.96,30.54,29.15,28.73,622931.19,0.19,0.66,28.424,27.469,27.013,526626.14,413401.42,387986.47
2017-10-31,28.8,29.28,28.96,28.28,463277.75,-0.02,-0.07,28.08,27.197,26.898,491185.39,384513.55,375216.62
2017-10-30,27.5,29.0,28.98,27.41,676711.06,1.48,5.38,27.688,26.922,26.788,500367.43,356666.88,381704.96
2017-10-27,27.7,28.28,27.5,27.26,447443.84,-0.03,-0.11,27.078,26.655,26.645,404530.66,320496.58,384004.53
2017-10-26,27.3,27.88,27.53,26.91,422766.84,0.1,0.36,26.81,26.598,26.66,344224.97,308745.0,382786.99
2017-10-25,27.01,28.0,27.43,26.86,445727.44,0.43,1.59,26.514,26.555,26.704,300176.71,301366.28,388464.85
2017-10-24,25.81,27.2,27.0,25.81,509187.97,1.07,4.13,26.314,26.499,26.769,277841.7,299393.28,396833.27
2017-10-23,26.17,26.2,25.93,25.77,197527.2,-0.23,-0.88,26.156,26.458,26.857,212966.32,285184.61,431189.29
2017-10-20,26.0,26.23,26.16,25.73,145915.38,0.11,0.42,26.232,26.512,26.963,236462.5,336605.64,474465.08
2017-10-19,26.44,26.57,26.05,26.01,202525.56,-0.38,-1.44,26.386,26.521,27.12,273265.03,356589.37,544694.1
2017-10-18,26.21,26.56,26.43,25.61,334052.41,0.22,0.84,26.596,26.557,27.195,302555.86,362571.51,592102.62
2017-10-17,26.32,26.52,26.21,26.14,184811.06,-0.1,-0.38,26.684,26.598,27.162,320944.86,365919.69,598773.19
2017-10-16,26.96,26.97,26.31,26.13,315008.09,-0.62,-2.3,26.76,26.653,27.114,357402.9,406743.04,611645.72
2017-10-13,27.2,27.58,26.93,26.81,329928.03,-0.17,-0.63,26.792,26.634,27.063,436748.77,447512.48,625033.98
2017-10-12,26.99,27.2,27.1,26.72,348979.69,0.23,0.86,26.656,26.722,27.006,439913.7,456828.99,648325.97
2017-10-11,26.69,27.27,26.87,26.47,425997.41,0.28,1.05,26.518,26.852,26.949,422587.16,475563.42,694605.48
2017-10-10,26.4,26.69,26.59,26.19,367101.28,0.12,0.45,26.512,27.038,26.796,410894.51,494273.26,691391.59
2017-10-09,27.45,27.65,26.47,26.24,711737.44,0.22,0.84,26.546,27.256,26.654,456083.17,577193.98,700026.17
2017-09-29,26.56,26.8,26.25,26.0,345752.69,-0.16,-0.61,26.476,27.413,26.479,458276.19,612324.53,677853.47
2017-09-28,27.0,27.15,26.41,26.4,262347.0,-0.43,-1.6,26.788,27.718,26.31,473744.28,732798.83,680919.85
2017-09-27,27.0,27.28,26.84,26.52,367534.16,0.08,0.3,27.186,27.833,26.151,528539.68,821633.74,682747.18
2017-09-26,26.12,27.22,26.76,26.1,593044.56,0.64,2.45,27.564,27.725,25.971,577652.0,831626.7,681230.58
2017-09-25,27.2,27.2,26.12,26.1,722702.56,-1.69,-6.08,27.966,27.575,25.801,698304.79,816548.4,673409.03
2017-09-22,28.39,28.67,27.81,27.52,423093.12,-0.59,-2.08,28.35,27.491,25.696,766372.87,802555.49,682197.79
2017-09-21,28.5,29.06,28.4,27.75,536324.0,-0.33,-1.15,28.648,27.289,25.465,991853.37,839822.95,685238.06
2017-09-20,28.5,29.55,28.73,28.0,613095.75,-0.04,-0.14,28.48,27.046,25.2,1114727.8,913647.54,667446.31
2017-09-19,28.27,30.1,28.77,28.1,1196308.5,0.73,2.6,27.886,26.553,24.925,1085601.4,888509.92,647902.58
2017-09-18,29.01,29.74,28.04,27.99,1063043.0,-1.26,-4.3,27.184,26.052,24.647,934792.02,822858.37,613293.33
2017-09-15,27.5,30.22,29.3,27.47,1550495.62,1.74,6.31,26.632,25.544,24.376,838738.1,743382.4,574532.8
2017-09-14,25.78,28.06,27.56,25.55,1150696.12,1.8,6.99,25.93,24.902,24.052,687792.52,629040.87,524644.26
2017-09-13,25.3,26.05,25.76,24.99,467463.75,0.5,1.98,25.612,24.469,23.77,712567.28,543860.62,476996.89
2017-09-12,25.03,25.47,25.26,24.82,442261.62,-0.02,-0.08,25.22,24.217,23.575,691418.45,530834.46,465101.95
2017-09-11,25.61,26.39,25.28,25.03,582773.38,-0.51,-1.98,24.92,24.027,23.413,710924.71,530269.65,455374.99
2017-09-08,25.9,26.28,25.79,25.16,795767.75,-0.18,-0.69,24.456,23.9,23.247,648026.71,561840.09,446279.84
2017-09-07,23.96,26.18,25.97,23.96,1274569.88,2.17,9.12,23.874,23.641,23.058,570289.21,530653.17,423698.0
2017-09-06,23.79,24.27,23.8,23.5,361719.62,0.04,0.17,23.326,23.353,22.9,375153.95,421245.08,371934.62
2017-09-05,23.05,23.89,23.76,23.05,539792.94,0.8,3.48,23.214,23.297,22.857,370250.46,407295.24,366097.84
2017-09-04,22.9,23.04,22.96,22.69,268283.34,0.08,0.35,23.134,23.242,22.808,349614.58,403728.29,348687.44
2017-09-01,23.26,23.37,22.88,22.74,407080.28,-0.35,-1.51,23.344,23.208,22.795,475653.47,405683.2,346977.85
2017-08-31,23.19,23.43,23.23,23.01,298893.59,-0.01,-0.04,23.408,23.202,22.793,491017.13,420247.65,341429.99
2017-08-30,23.52,23.58,23.24,23.23,337202.16,-0.12,-0.51,23.38,23.071,22.787,467336.2,410133.17,349244.78
2017-08-29,23.38,23.57,23.36,22.85,436613.53,0.14,0.6,23.38,22.933,22.804,444340.01,399369.44,350080.18
2017-08-28,23.27,24.42,24.01,23.27,898477.81,0.81,3.49,23.35,22.799,22.807,457842.0,380480.33,338725.63
2017-08-25,23.5,23.68,23.2,23.14,483898.56,0.11,0.48,23.072,22.593,22.775,335712.92,330719.59,309272.98
2017-08-24,23.18,23.32,23.09,22.85,180488.95,-0.15,-0.65,22.996,22.475,22.797,349478.17,316742.83,305703.44
2017-08-23,23.25,23.3,23.24,22.92,222221.19,0.03,0.13,22.762,22.446,22.792,352930.14,322624.16,317996.55
2017-08-22,22.78,23.4,23.21,22.65,504123.47,0.59,2.61,22.486,22.417,22.801,354398.87,324900.44,322243.47
2017-08-21,22.7,22.81,22.62,22.39,287832.44,-0.2,-0.88,22.248,22.373,22.804,303118.66,293646.59,315170.03
2017-08-18,21.88,22.95,22.82,21.81,552724.81,0.9,4.11,22.114,22.382,22.863,325726.25,288272.5,342541.41
2017-08-17,21.9,21.97,21.92,21.72,197748.77,0.06,0.27,21.954,22.384,22.961,284007.49,262612.32,338788.3
2017-08-16,22.1,22.1,21.86,21.75,229564.84,-0.16,-0.73,22.13,22.503,23.132,292318.19,288356.38,360584.72
2017-08-15,21.99,22.18,22.02,21.86,247722.44,0.07,0.32,22.348,22.675,23.296,295402.01,300790.92,399510.01
2017-08-14,22.12,22.25,21.95,21.73,400870.41,-0.07,-0.32,22.498,22.815,23.46,284174.52,296970.93,426715.58
2017-08-11,22.6,22.69,22.02,22.0,344130.97,-0.78,-3.42,22.65,22.957,23.592,250818.74,287826.37,416761.92
2017-08-10,22.99,22.99,22.8,22.53,239302.28,-0.15,-0.65,22.814,23.118,23.713,241217.15,294664.05,441223.89
2017-08-09,22.8,23.08,22.95,22.71,244983.95,0.18,0.79,22.876,23.138,23.846,284394.58,313368.95,479103.53
2017-08-08,22.81,22.81,22.77,22.58,191585.0,0.06,0.26,23.002,23.185,23.936,306179.82,319586.49,490630.35
2017-08-07,22.82,23.05,22.71,22.68,234091.48,-0.13,-0.57,23.132,23.234,24.019,309767.35,336693.47,511513.7
2017-08-04,23.0,23.06,22.84,22.71,296123.06,-0.27,-1.17,23.264,23.343,24.116,324834.01,396810.33,529008.25
2017-08-03,23.58,23.58,23.11,22.79,455189.41,-0.47,-1.99,23.422,23.537,24.185,348110.94,414964.28,537940.56
2017-08-02,23.45,24.12,23.58,23.43,353910.16,0.16,0.68,23.4,23.761,24.257,342343.31,432813.05,552572.49
2017-08-01,23.35,23.55,23.42,23.2,209522.62,0.05,0.21,23.368,23.917,24.271,332993.16,498229.11,571902.92
2017-07-31,23.52,23.58,23.37,23.1,309424.81,-0.26,-1.1,23.336,24.105,24.328,363619.6,556460.22,584073.68
2017-07-28,23.0,23.84,23.63,23.0,412507.69,0.63,2.74,23.422,24.227,24.408,468786.65,545697.47,598383.18
2017-07-27,23.45,23.63,23.0,22.94,426351.28,-0.42,-1.79,23.652,24.307,24.485,481817.62,587783.73,613105.72
2017-07-26,23.28,23.68,23.42,23.23,307159.41,0.16,0.69,24.122,24.553,24.585,523282.78,644838.12,639104.15
2017-07-25,23.6,23.74,23.26,23.22,362654.81,-0.54,-2.27,24.466,24.686,24.691,663465.05,661674.21,683665.2
2017-07-24,24.7,24.72,23.8,23.38,835260.06,-0.98,-3.96,24.874,24.803,24.852,749300.84,686333.92,751091.61
2017-07-21,25.19,25.64,24.78,24.65,477662.56,-0.57,-2.25,25.032,24.889,24.865,622608.29,661206.17,771887.95
2017-07-20,24.85,25.64,25.35,24.73,633677.06,0.21,0.83,24.962,24.833,24.72,693749.84,660916.83,783801.27
2017-07-19,24.85,26.06,25.14,24.43,1008070.75,-0.16,-0.63,24.984,24.752,24.505,766393.46,672331.93,761844.54
2017-07-18,25.58,25.8,25.3,24.88,791833.75,0.71,2.89,24.906,24.624,24.299,659883.36,645576.73,723278.8
2017-07-14,24.45,24.83,24.59,24.36,201797.31,0.16,0.66,24.732,24.551,24.083,623367.0,611687.15,689632.89
2017-07-13,24.91,25.35,24.43,24.4,833370.31,-1.03,-4.05,24.746,24.589,23.901,699804.05,651068.9,686507.93
2017-07-12,25.7,26.7,25.46,25.22,996895.19,0.71,2.87,24.704,24.662,23.731,628083.83,638427.7,656499.85
2017-07-11,24.27,25.1,24.75,24.15,475520.25,0.32,1.31,24.52,24.616,23.526,578270.39,633370.19,625160.46
2017-07-10,24.4,25.38,24.43,24.22,609251.94,-0.23,-0.93,24.342,24.695,23.388,631270.09,705656.2,624934.54
2017-07-07,24.27,25.09,24.66,24.03,583982.56,0.44,1.82,24.37,24.9,23.252,600007.3,815849.31,641685.77
2017-07-06,24.3,24.66,24.22,23.95,474769.19,-0.32,-1.3,24.432,24.841,23.062,602333.75,882569.73,637125.44
2017-07-05,23.94,24.65,24.54,23.43,747828.0,0.68,2.85,24.62,24.607,22.906,648771.57,906685.71,627664.2
2017-07-04,24.57,24.93,23.86,23.52,740518.75,-0.71,-2.89,24.712,24.257,22.727,688469.99,851357.16,602042.67
2017-07-03,24.76,25.2,24.57,24.36,452938.0,-0.4,-1.6,25.048,23.974,22.588,780042.31,800980.88,578334.98
2017-06-30,25.0,25.39,24.97,24.64,595614.81,-0.19,-0.76,25.43,23.615,22.423,1031691.31,767578.63,589804.6
2017-06-29,25.16,25.42,25.16,24.56,706958.31,0.16,0.64,25.25,23.212,22.202,1162805.7,721946.97,560024.16
2017-06-28,25.38,25.89,25.0,24.78,946320.06,-0.54,-2.11,24.594,22.8,21.971,1164599.85,674572.0,544709.19
2017-06-27,26.01,26.03,25.54,25.17,1198380.38,-0.94,-3.55,23.802,22.435,21.746,1014244.34,616950.73,542242.15
2017-06-26,24.94,26.48,26.48,24.55,1711183.0,2.41,10.01,22.9,22.081,21.429,821919.44,544212.88,491787.63
2017-06-23,21.84,24.07,24.07,21.8,1251186.75,2.19,10.01,21.8,21.603,21.066,503465.94,467522.23,416364.29
2017-06-22,21.1,22.3,21.88,21.1,715929.06,0.84,3.99,21.174,21.283,20.816,281088.24,391681.15,361169.6
2017-06-21,21.35,21.43,21.04,20.9,194542.52,0.01,0.05,21.006,21.205,20.681,184544.15,348642.69,330491.81
2017-06-20,20.94,21.27,21.03,20.82,236755.86,0.05,0.24,21.068,21.196,20.581,219657.12,352728.18,325977.71
2017-06-19,20.94,21.07,20.98,20.9,118915.52,0.04,0.19,21.262,21.202,20.486,266506.33,355689.09,321102.3
2017-06-16,21.05,21.18,20.94,20.9,139298.22,-0.1,-0.47,21.406,21.23,20.399,431578.53,412030.57,324618.16
2017-06-15,21.26,21.3,21.04,20.82,233208.62,-0.31,-1.45,21.392,21.191,20.319,502274.06,398101.35,323757.91
2017-06-14,21.9,21.9,21.35,21.32,370107.38,-0.65,-2.96,21.404,21.142,20.237,512741.22,414846.38,323207.17
2017-06-13,21.91,22.46,22.0,21.5,471001.91,0.3,1.38,21.324,21.057,20.131,485799.23,467533.57,322064.55
2017-06-12,21.48,22.8,21.7,21.48,944276.5,0.83,3.98,21.142,20.776,19.965,444871.86,439362.37,306318.21
2017-06-06,21.05,21.45,20.87,20.83,492775.88,-0.23,-1.09,21.054,20.529,19.811,392482.62,365206.35,265282.6
2017-06-05,20.75,21.26,21.1,20.71,285544.44,0.15,0.72,20.99,20.349,19.691,293928.64,330658.05,249843.61
2017-06-02,21.08,21.3,20.95,20.78,235397.44,-0.14,-0.66,20.88,20.156,19.58,316951.54,312340.94,241393.93
2017-06-01,21.1,21.37,21.09,20.93,266365.03,-0.17,-0.8,20.79,19.965,19.484,449267.9,299227.25,238547.41
2017-05-31,21.49,21.58,21.26,20.9,682330.31,0.71,3.46,20.41,19.77,19.372,433852.88,286515.5,238692.47
2017-05-30,20.56,20.56,20.55,20.55,6.0,0.0,0.0,20.004,19.567,19.269,337930.09,237205.75,213797.13
2017-05-26,20.3,20.75,20.55,20.07,400658.91,0.05,0.24,19.708,19.446,19.217,367387.46,249414.48,231668.39
2017-05-25,19.15,20.83,20.5,19.12,896979.25,1.31,6.83,19.432,19.331,19.177,307730.34,231567.96,237591.37
2017-05-24,19.14,19.31,19.19,18.92,189289.92,-0.04,-0.21,19.14,19.205,19.17,149186.6,176595.53,202052.05
2017-05-23,19.01,19.3,19.23,18.92,202716.36,0.16,0.84,19.13,19.153,19.238,139178.12,173274.06,199395.73
2017-05-22,19.17,19.17,19.07,18.84,147292.88,-0.1,-0.52,19.13,19.092,19.298,136481.41,165358.84,198264.56
2017-05-19,19.07,19.19,19.17,19.02,102373.29,0.13,0.68,19.184,19.032,19.379,131441.49,169029.17,201322.14
2017-05-18,19.02,19.12,19.04,18.97,104260.53,-0.1,-0.52,19.23,19.004,19.452,155405.58,170446.92,208614.17
2017-05-17,19.13,19.18,19.14,19.01,139247.56,-0.09,-0.47,19.27,19.002,19.526,204004.46,177867.57,213217.52
2017-05-16,19.3,19.31,19.23,18.87,189232.8,-0.11,-0.57,19.176,18.974,19.593,207369.99,190869.43,213054.58
2017-05-15,19.4,19.47,19.34,19.27,122093.25,-0.06,-0.31,19.054,18.971,19.659,194236.27,190388.52,211774.12
2017-05-12,19.11,19.45,19.4,18.93,222193.77,0.16,0.83,18.88,18.987,19.724,206616.85,213922.31,216594.76
2017-05-11,18.67,19.4,19.24,18.5,347254.91,0.57,3.05,18.778,19.023,19.801,185488.26,243614.78,218940.14
2017-05-10,18.62,18.84,18.67,18.62,156075.22,0.05,0.27,18.734,19.135,19.89,151730.69,227508.58,233870.16
2017-05-09,18.43,18.68,18.62,18.32,123564.22,0.15,0.81,18.772,19.323,19.992,174368.87,225517.4,249009.41
2017-05-08,18.89,18.96,18.47,18.44,183996.14,-0.42,-2.22,18.888,19.504,20.091,186540.76,231170.27,256561.17
2017-05-05,18.95,19.07,18.89,18.81,116550.82,-0.13,-0.68,19.094,19.725,20.207,221227.77,233615.11,263056.68
2017-05-04,18.9,19.19,19.02,18.9,178467.05,0.16,0.85,19.268,19.899,20.302,301741.29,246781.41,283914.79
2017-05-03,19.2,19.25,18.86,18.83,269266.12,-0.34,-1.77,19.536,20.05,20.38,303286.46,248567.46,317591.27
2017-05-02,19.3,19.37,19.2,19.1,184423.69,-0.3,-1.54,19.874,20.211,20.466,276665.92,235239.73,311792.82
2017-04-28,19.38,19.55,19.5,19.13,357431.16,-0.26,-1.32,20.12,20.347,20.533,275799.78,233159.72,318453.66
2017-04-27,20.32,20.33,19.76,19.0,519118.44,-0.6,-2.95,20.356,20.461,20.608,246002.46,219267.2,312133.88
2017-04-26,20.49,20.53,20.36,20.34,186192.91,-0.19,-0.93,20.53,20.579,20.684,191821.52,194265.5,299105.54
2017-04-25,20.44,20.63,20.55,20.4,136163.42,0.12,0.59,20.564,20.645,20.726,193848.46,240231.75,309528.63
2017-04-24,20.68,20.69,20.43,20.31,180092.95,-0.25,-1.21,20.548,20.66,20.773,193813.54,272501.42,321944.64
2017-04-21,20.64,20.75,20.68,20.55,208444.56,0.05,0.24,20.574,20.677,20.824,190519.67,281952.07,339685.3
2017-04-20,20.5,20.75,20.63,20.5,248213.78,0.1,0.49,20.566,20.689,20.843,192531.95,292498.25,341442.14
2017-04-19,20.45,20.62,20.53,20.3,196327.59,0.06,0.29,20.628,20.705,20.871,196709.48,321048.17,343443.6
2017-04-18,20.56,20.65,20.47,20.46,135988.81,-0.09,-0.44,20.726,20.71,20.901,286615.03,386615.08,361420.48
2017-04-17,20.64,20.64,20.56,20.37,163623.62,-0.08,-0.39,20.772,20.721,20.954,351189.3,388345.91,394078.37
2017-04-14,20.92,20.92,20.64,20.6,218505.95,-0.3,-1.43,20.78,20.718,20.99,373384.46,403747.59,411728.38
2017-04-13,21.0,21.15,20.94,20.72,269101.41,-0.08,-0.38,20.812,20.755,21.022,392464.55,405000.55,426124.42
2017-04-12,20.7,21.57,21.02,20.7,645855.38,0.32,1.55,20.782,20.788,21.054,445386.85,403945.59,473166.37
2017-04-11,20.6,20.7,20.7,20.2,458860.16,0.1,0.48,20.694,20.806,21.038,486615.13,378825.52,461835.35
2017-04-10,20.72,20.75,20.6,20.51,274599.41,-0.2,-0.96,20.67,20.885,21.033,425502.51,371387.85,450707.77
2017-04-07,20.79,20.91,20.8,20.67,313906.38,0.01,0.05,20.656,20.97,21.029,434110.71,397418.54,449279.75
2017-04-06,20.63,20.85,20.79,20.58,533712.94,0.21,1.02,20.698,20.997,21.025,417536.55,390386.04,466477.56
2017-04-05,20.63,21.0,20.58,20.55,851996.75,0.0,0.0,20.794,21.036,20.998,362504.32,365839.04,448870.52
2017-03-31,20.53,20.64,20.58,20.51,153297.08,0.05,0.24,20.918,21.091,20.98,271035.91,336225.88,420087.53
2017-03-30,21.0,21.06,20.53,20.48,317640.41,-0.48,-2.29,21.1,21.187,20.961,317273.19,399810.83,420935.71
2017-03-29,21.28,21.29,21.01,21.0,231035.59,-0.26,-1.22,21.284,21.261,20.952,360726.37,419709.18,416195.04
2017-03-28,21.2,21.43,21.27,21.02,258551.77,0.07,0.33,21.296,21.289,20.926,363235.52,447248.29,417173.32
2017-03-27,21.58,21.6,21.2,21.1,394654.72,-0.29,-1.35,21.278,21.319,20.889,369173.76,542387.15,412233.84
2017-03-24,21.4,21.69,21.49,21.3,384483.44,0.04,0.19,21.264,21.27,20.855,401415.84,544845.19,407173.43
2017-03-23,21.08,21.91,21.45,20.96,534906.31,0.38,1.8,21.274,21.181,20.817,482348.46,530027.69,398826.25
2017-03-22,21.15,21.17,21.07,20.95,243581.36,-0.11,-0.52,21.238,21.087,20.784,478691.98,501140.97,381662.82
2017-03-21,21.01,21.34,21.18,20.82,288242.97,0.05,0.24,21.282,21.052,20.775,531261.05,542569.08,380752.06
2017-03-20,21.49,21.49,21.13,20.85,555865.12,-0.41,-1.9,21.36,20.96,20.765,715600.53,531902.0,393182.75
2017-03-17,22.0,22.28,21.54,21.5,789146.56,0.27,1.27,21.276,20.869,20.739,688274.53,503949.19,377763.66
2017-03-16,21.41,21.68,21.27,21.13,516623.91,-0.02,-0.09,21.088,20.735,20.689,577706.91,442060.59,348213.44
2017-03-15,21.36,21.57,21.29,21.0,506426.69,-0.28,-1.3,20.936,20.642,20.66,523589.95,412680.9,330934.97
2017-03-14,20.81,22.4,21.57,20.72,1209940.38,0.86,4.15,20.822,20.563,20.629,553877.1,387098.35,319979.76
2017-03-13,20.65,20.88,20.71,20.51,419235.12,0.11,0.53,20.56,20.459,20.596,348203.47,282080.53,277970.93
2017-03-10,20.52,20.75,20.6,20.52,236308.44,0.09,0.44,20.462,20.44,20.599,319623.84,269501.68,271267.75
2017-03-09,20.6,20.73,20.51,20.35,246039.12,-0.21,-1.01,20.382,20.452,20.602,306414.27,267624.82,276198.63
2017-03-08,20.27,20.85,20.72,20.26,657862.44,0.46,2.27,20.348,20.48,20.616,301771.85,262184.67,297859.11
2017-03-07,20.24,20.29,20.26,20.18,181572.23,0.04,0.2,20.304,20.498,20.615,220319.6,218935.04,273970.07
2017-03-06,20.25,20.39,20.22,20.14,276336.97,0.02,0.1,20.358,20.57,20.634,215957.59,254463.49,273595.29
2017-03-03,20.34,20.37,20.2,20.12,170260.59,-0.14,-0.69,20.418,20.609,20.658,219379.51,251578.14,266829.85
2017-03-02,20.52,20.54,20.34,20.33,222827.0,-0.16,-0.78,20.522,20.643,20.682,228835.37,254366.29,263763.15
2017-03-01,20.55,20.59,20.5,20.49,250601.2,-0.03,-0.15,20.612,20.677,20.803,222597.5,249189.04,252651.75
2017-02-28,20.52,20.59,20.53,20.47,159762.2,0.01,0.05,20.692,20.694,20.812,217550.48,252861.18,247184.1
2017-02-27,20.57,20.63,20.52,20.48,293446.56,-0.2,-0.96,20.782,20.732,20.816,292969.39,273861.32,246928.36
2017-02-24,20.72,20.77,20.72,20.62,217539.88,-0.07,-0.34,20.8,20.757,20.824,283776.77,273033.82,240221.95
2017-02-23,20.94,20.98,20.79,20.72,191637.66,-0.11,-0.53,20.764,20.751,20.825,279897.21,284772.44,237163.61
2017-02-22,20.95,20.95,20.9,20.79,225366.08,-0.08,-0.38,20.742,20.752,20.82,275780.58,333533.55,238334.38
2017-02-21,20.72,20.98,20.98,20.63,536856.75,0.37,1.79,20.696,20.731,20.805,288171.87,329005.11,237910.48
2017-02-20,20.55,20.73,20.61,20.52,247483.48,0.07,0.34,20.682,20.697,20.802,254753.26,292727.09,227306.26
2017-02-17,20.68,20.68,20.54,20.52,198142.08,-0.14,-0.68,20.714,20.707,20.811,262290.87,282081.55,230984.1
2017-02-16,20.67,20.76,20.68,20.59,171054.5,0.01,0.05,20.738,20.721,20.834,289647.67,273160.0,248739.01
2017-02-15,20.9,20.9,20.67,20.66,287322.56,-0.24,-1.15,20.762,20.928,20.891,391286.52,256114.45,293399.6
2017-02-14,20.77,20.98,20.91,20.7,369763.69,0.14,0.67,20.766,20.929,20.877,369838.34,241507.02,287466.08
2017-02-13,20.65,20.85,20.77,20.59,285171.5,0.11,0.53,20.712,20.899,20.861,330700.92,219995.39,276936.47
2017-02-10,20.78,20.78,20.66,20.57,334926.09,-0.14,-0.67,20.7,20.891,20.855,301872.24,207410.09,270225.62
2017-02-09,20.71,21.35,20.8,20.68,679248.75,0.11,0.53,20.704,20.899,20.854,256672.33,189554.78,265275.29
2017-02-08,20.64,20.71,20.69,20.5,180081.69,0.05,0.24,21.094,20.887,20.861,120942.38,143135.22,246819.14
2017-02-07,20.59,20.82,20.64,20.56,174076.59,-0.07,-0.34,21.092,20.878,20.869,113175.69,146815.86,254392.79
2017-02-06,20.68,20.74,20.71,20.6,141028.06,0.03,0.14,21.086,20.906,20.873,109289.86,161885.42,256539.8
2017-02-03,20.69,20.79,20.68,20.64,108926.58,0.0,0.0,21.082,20.915,20.865,112947.93,179886.66,262545.89
2017-02-02,21.1,22.75,22.75,21.1,599.0,2.07,10.01,21.094,20.947,20.873,122437.23,224318.01,273201.86
2017-01-26,20.65,20.77,20.68,20.65,141248.23,0.07,0.34,20.68,20.853,20.796,165328.05,330684.75,289247.78
2017-01-25,20.68,20.73,20.61,20.52,154647.45,-0.08,-0.39,20.664,20.825,20.833,180456.02,333425.15,319350.64
2017-01-24,20.77,20.8,20.69,20.65,159318.41,-0.05,-0.24,20.726,20.822,20.835,214480.98,333877.55,330524.51
2017-01-23,20.7,20.85,20.74,20.7,156373.06,0.06,0.29,20.748,20.819,20.815,246825.38,333041.15,338776.54
2017-01-20,20.6,20.83,20.68,20.54,215053.12,0.08,0.39,20.8,20.809,20.809,326198.79,340995.8,355943.75
2017-01-19,20.7,20.88,20.6,20.55,216888.06,-0.32,-1.53,21.026,20.834,20.799,496041.44,350503.05,371756.3
2017-01-18,20.67,21.18,20.92,20.53,324772.25,0.12,0.58,20.986,20.859,20.785,486394.27,361969.73,396865.17
2017-01-17,20.73,20.96,20.8,20.39,321040.41,-0.2,-0.95,20.918,20.84,20.794,453274.12,351194.17,415650.8
2017-01-16,21.81,21.81,21.0,20.31,553240.12,-0.81,-3.71,20.89,20.815,20.877,419256.93,345205.13,414297.59
2017-01-13,21.0,22.4,21.81,20.9,1064266.38,1.41,6.91,20.818,20.799,20.944,355792.81,322085.72,404417.02
2017-01-11,20.52,20.63,20.4,20.4,168652.2,-0.18,-0.88,20.642,20.738,20.968,204964.66,247810.81,371844.43
2017-01-10,20.67,20.69,20.58,20.52,159171.48,-0.08,-0.39,20.732,20.84,21.101,237545.18,305276.14,387636.87
2017-01-09,20.6,20.75,20.66,20.53,150954.45,0.02,0.1,20.762,20.847,21.235,249114.22,327171.47,419129.27
2017-01-06,20.94,21.04,20.64,20.61,235919.55,-0.29,-1.39,20.74,20.811,21.442,271153.33,344511.93,435665.57
2017-01-05,20.85,21.23,20.93,20.78,310125.62,0.08,0.38,20.78,20.808,21.647,288378.62,370891.7,442897.13
2017-01-04,20.74,20.95,20.85,20.45,331554.81,0.12,0.58,20.834,20.763,21.858,290656.96,393009.55,452122.04
2017-01-03,20.55,20.88,20.73,20.55,217016.69,0.18,0.88,20.948,20.711,22.084,373007.09,431760.61,453367.07
2016-12-30,20.88,20.96,20.55,20.45,261150.0,-0.29,-1.39,20.932,20.748,22.323,405228.71,480107.43,476969.41
2016-12-29,21.29,21.32,20.84,20.7,322046.0,-0.36,-1.7,20.882,20.939,22.618,417870.53,483390.05,489698.39
2016-12-28,21.24,21.48,21.2,21.01,321517.31,-0.22,-1.03,20.836,21.088,22.924,453404.78,486748.32,521104.62
2016-12-27,20.65,21.98,21.42,20.59,743305.44,0.77,3.73,20.692,21.197,23.213,495362.13,495878.05,564687.95
2016-12-26,20.21,20.69,20.65,20.12,378124.81,0.35,1.72,20.474,21.361,23.45,490514.13,469997.6,566552.71
2016-12-23,20.47,20.67,20.3,20.25,324359.09,-0.31,-1.5,20.564,21.622,23.737,554986.16,511087.06,610443.42
2016-12-22,20.3,20.77,20.61,20.1,499717.25,0.13,0.64,20.996,22.073,24.082,548909.58,526819.2,626522.8
2016-12-21,20.2,20.7,20.48,20.2,531304.06,0.15,0.74,21.34,22.486,24.398,520091.86,514902.56,622149.26
2016-12-20,21.0,21.0,20.33,20.15,719065.44,-0.77,-3.65,21.702,22.952,24.735,496393.96,511234.54,632629.39
2016-12-19,22.0,22.0,21.1,21.04,700484.94,-1.36,-6.05,22.248,23.457,25.083,449481.07,474973.54,623195.62
2016-12-16,22.12,22.75,22.46,22.12,293976.19,0.13,0.58,22.68,23.897,25.398,467187.97,473831.38,657704.12
2016-12-15,22.15,22.62,22.33,21.88,355628.69,0.04,0.18,23.15,24.296,25.661,504728.82,496006.73,718163.55
2016-12-14,22.67,22.9,22.29,22.2,412814.56,-0.77,-3.34,23.632,24.76,25.895,509713.25,555460.92,730138.81
2016-12-13,23.02,23.28,23.06,21.86,484500.97,-0.2,-0.86,24.202,25.229,26.114,526075.11,633497.85,750853.96
2016-12-12,24.78,24.78,23.26,23.07,789019.44,-1.55,-6.25,24.666,25.539,26.308,500466.0,663107.81,800923.19
2016-12-09,24.61,25.17,24.81,24.37,481680.44,0.07,0.28,25.114,25.851,26.43,480474.79,709799.78,805411.24
2016-12-08,25.1,25.13,24.74,24.7,380550.84,-0.4,-1.59,25.442,26.09,26.489,487284.65,726226.4,829250.35
2016-12-07,25.35,25.37,25.14,24.18,494623.88,-0.24,-0.95,25.888,26.309,26.58,601208.59,729395.95,931737.82
2016-12-06,25.15,25.63,25.38,25.15,356455.41,-0.12,-0.47,26.256,26.517,26.638,740920.59,754024.25,1107864.69
2016-12-05,25.08,25.98,25.5,24.86,689063.38,-0.95,-3.59,26.412,26.709,26.58,825749.62,771417.69,1104545.23
2016-12-02,26.71,26.85,26.45,26.37,515729.72,-0.52,-1.93,26.588,26.899,26.513,939124.77,841576.86,1091086.74
2016-12-01,26.56,27.3,26.97,26.3,950170.56,-0.01,-0.04,26.738,27.026,26.42,965168.15,940320.36,1094405.21
2016-11-30,27.35,27.99,26.98,26.77,1193183.88,0.82,3.13,26.73,27.029,26.315,857583.32,904816.71,1072858.18
2016-11-29,26.17,26.53,26.16,25.9,780600.56,-0.22,-0.83,26.778,26.999,26.211,767127.9,868210.06,1064067.04
2016-11-28,27.36,27.42,26.38,25.48,1255939.12,-0.82,-3.02,27.006,27.077,26.141,717085.77,938738.58,1056607.66
2016-11-25,26.79,27.6,27.2,26.71,645946.62,0.27,1.0,27.21,27.009,26.06,744028.94,901022.69,1015634.7
2016-11-24,27.08,27.19,26.93,26.7,412246.41,-0.29,-1.06,27.314,26.888,25.959,915472.57,932274.31,1012528.65
2016-11-23,27.9,28.07,27.22,26.98,740906.81,-0.08,-0.29,27.328,26.851,25.863,952050.1,1134079.69,1027490.93
2016-11-22,27.04,27.42,27.3,26.9,530389.88,-0.1,-0.36,27.22,26.759,25.764,969292.21,1461705.14,1017105.41
2016-11-21,27.27,28.25,27.4,26.01,1390655.0,-0.32,-1.15,27.148,26.451,25.661,1160391.39,1437672.76,1031521.2
2016-11-18,27.8,29.0,27.72,27.51,1503164.75,0.72,2.67,26.808,26.127,25.588,1058016.44,1340596.62,1006609.42
2016-11-17,26.62,27.0,27.0,26.31,595134.06,0.32,1.2,26.462,25.814,25.494,949076.05,1248490.06,961681.46
2016-11-16,26.64,27.22,26.68,26.09,827117.38,-0.26,-0.96,26.374,25.601,25.444,1316109.29,1240899.65,964013.43
2016-11-15,25.6,27.8,26.94,25.46,1485885.75,1.24,4.83,26.298,25.423,25.41,1954118.06,1259924.02,969115.13
2016-11-14,26.23,26.25,25.7,25.31,878780.25,-0.29,-1.12,25.754,25.204,25.405,1714954.13,1174476.75,940578.0
2016-11-11,26.15,26.77,25.99,25.7,958462.81,-0.57,-2.15,25.446,25.111,25.46,1623176.79,1130246.72,947417.71
2016-11-10,26.0,28.28,26.56,25.58,2430300.25,0.26,0.99,25.166,25.029,25.491,1547904.07,1092782.99,943382.27
2016-11-09,24.43,26.64,26.3,24.35,4017161.25,2.08,8.59,24.828,24.874,25.474,1165690.01,920902.17,897231.56
2016-11-08,24.16,24.49,24.22,24.15,290066.09,0.06,0.25,24.548,24.768,25.458,565729.99,572505.68,768149.09
2016-11-07,24.47,24.58,24.16,24.03,419893.56,-0.43,-1.75,24.654,24.871,25.555,633999.37,625369.65,821566.32
2016-11-04,24.84,25.0,24.59,24.46,582099.19,-0.28,-1.13,24.776,25.049,25.647,637316.64,672622.23,864720.93
2016-11-03,24.77,25.19,24.87,24.71,519229.97,-0.03,-0.12,24.892,25.173,25.707,637661.91,674872.85,913820.5
2016-11-02,25.45,25.67,24.9,24.9,1017361.12,-0.89,-3.45,24.92,25.286,25.721,676114.32,687127.21,965529.9
2016-10-28,24.58,25.25,24.75,24.5,631413.0,-0.02,-0.08,24.988,25.396,25.71,579281.38,678306.23,980870.51
2016-10-27,25.07,25.07,24.77,24.7,436479.94,-0.4,-1.59,25.088,25.605,25.746,616739.93,706679.26,1048219.05
2016-10-26,25.0,25.25,25.17,24.88,583825.5,0.16,0.64,25.322,25.809,25.858,707927.81,764588.69,1204767.89
2016-10-25,25.2,25.34,25.01,24.8,711492.06,-0.23,-0.91,25.454,25.952,25.83,712083.8,793981.54,1286951.72
2016-10-24,25.25,25.45,25.24,25.01,533196.38,-0.01,-0.04,25.652,26.074,25.761,698140.1,873560.95,1282659.94
2016-10-21,25.7,25.88,25.25,25.16,818705.75,-0.69,-2.66,25.804,26.147,25.68,777331.09,963792.5,1285342.02
2016-10-20,25.72,26.69,25.94,25.51,892419.38,0.11,0.43,26.122,26.239,25.597,796618.59,1017762.99,1283685.47
2016-10-19,26.0,26.48,25.83,25.79,604605.44,-0.17,-0.65,26.296,26.244,25.479,821249.57,1056819.64,1283435.4
2016-10-18,25.9,26.13,26.0,25.51,641773.56,0.0,0.0,26.45,26.241,25.362,875879.29,1152768.16,1322192.41
2016-10-17,26.5,26.75,26.0,25.73,929151.31,-0.84,-3.13,26.496,26.155,25.221,1048981.8,1243932.59,1334318.57
2016-10-14,26.92,27.25,26.84,26.62,915143.25,0.03,0.11,26.49,26.023,25.102,1150253.91,1283434.79,1359095.2
2016-10-13,26.51,27.2,26.81,26.3,1015574.31,0.21,0.79,26.356,25.887,24.923,1238907.39,1389758.84,1353065.0
2016-10-12,26.0,26.67,26.6,25.63,877754.0,0.37,1.41,26.192,25.906,24.749,1292389.7,1644947.09,1351392.71
2016-10-11,25.75,27.41,26.23,25.56,1507286.12,0.26,1.0,26.032,25.708,24.591,1429657.02,1779921.89,1358948.99
2016-10-10,25.0,25.98,25.97,24.66,1435511.88,-0.2,-0.76,25.814,25.447,24.468,1438883.38,1691758.94,1379838.64
2016-09-30,25.9,27.45,26.17,25.81,1358410.62,0.18,0.69,25.556,25.213,24.341,1416615.68,1606891.54,1436343.22
2016-09-29,25.68,26.3,25.99,25.38,1282985.88,0.19,0.74,25.418,24.954,24.279,1540610.3,1549607.95,1487578.98
2016-09-28,24.88,26.38,25.8,24.33,1564090.62,0.66,2.62,25.62,24.713,24.113,1997504.48,1510051.17,1468892.81
2016-09-27,24.61,25.69,25.14,24.51,1553417.88,0.46,1.86,25.384,24.483,23.968,2130186.75,1491616.67,1429810.59
2016-09-26,25.19,25.35,24.68,24.4,1324173.38,-0.8,-3.14,25.08,24.286,23.856,1944634.5,1424704.56,1412140.9
2016-09-23,26.32,26.55,25.48,25.24,1978383.75,-1.52,-5.63,24.87,24.18,23.799,1797167.4,1434755.61,1437000.97
2016-09-22,24.8,27.08,27.0,24.41,3567456.75,2.38,9.67,24.49,23.959,23.724,1558605.6,1316371.16,1411615.57
2016-09-21,23.55,24.62,24.62,23.41,2227502.0,1.0,4.23,23.806,23.591,23.609,1022597.86,1057838.34,1317980.89
2016-09-20,23.63,23.69,23.62,23.23,625656.62,-0.01,-0.04,23.582,23.473,23.613,853046.59,937976.09,1296218.44
2016-09-19,23.58,24.0,23.63,23.51,586837.88,0.05,0.21,23.492,23.488,23.662,904774.61,1067918.34,1368431.19
2016-09-14,23.35,23.8,23.58,23.33,785574.75,0.0,0.0,23.49,23.469,23.759,1072343.81,1265794.91,1545776.89
2016-09-13,23.38,23.68,23.58,23.2,887418.06,0.08,0.34,23.428,23.604,23.873,1074136.72,1425550.01,1659239.18
2016-09-12,22.6,23.97,23.5,22.5,1379745.62,0.33,1.42,23.376,23.512,24.072,1093078.81,1427734.45,1781607.3
2016-09-09,23.5,23.59,23.17,23.01,884296.75,-0.45,-1.91,23.364,23.453,24.15,1022905.6,1368004.51,1874175.33
2016-09-08,23.23,24.45,23.62,23.13,1424683.88,0.35,1.5,23.484,23.425,24.202,1231062.07,1399577.24,1926274.21
2016-09-07,23.54,23.54,23.27,23.1,794539.31,-0.05,-0.21,23.448,23.417,24.234,1459246.0,1439246.34,1954140.34
2016-09-06,23.4,23.66,23.32,23.0,982128.5,-0.12,-0.51,23.78,23.489,24.291,1776963.29,1506859.97,2022352.16
2016-09-05,23.6,23.68,23.44,23.1,1028879.56,-0.33,-1.39,23.648,23.627,24.351,1762390.09,1578123.45,2087366.14
2016-09-02,23.14,24.6,23.77,23.01,1925079.12,0.33,1.41,23.542,23.753,24.412,1713103.41,1654460.78,2157931.91
2016-09-01,25.0,25.01,23.44,23.19,2565603.5,-1.49,-5.98,23.366,23.835,24.458,1568092.41,1668944.03,2174564.25
2016-08-31,22.68,24.93,24.93,22.6,2383125.75,2.27,10.02,23.386,24.049,24.536,1419246.69,1825758.88,2144484.31
2016-08-30,22.95,23.06,22.66,22.55,909262.5,-0.25,-1.09,23.198,24.141,24.503,1236756.66,1892928.36,2124597.53
2016-08-29,22.86,23.25,22.91,22.75,782446.19,0.02,0.09,23.606,24.632,24.671,1393856.81,2135480.16,2235082.53
2016-08-26,23.59,23.59,22.89,22.88,1200024.12,-0.65,-2.76,23.964,24.847,24.847,1595818.15,2380346.16,2380346.16
2016-08-25,23.5,23.94,23.54,22.71,1821374.88,-0.45,-1.88,24.304,25.064,25.064,1769795.65,2511493.06,2511493.06
2016-08-24,24.4,24.84,23.99,23.75,1470675.62,-0.71,-2.87,24.712,25.255,25.255,2232271.07,2597757.83,2597757.83
2016-08-23,24.39,25.28,24.7,23.83,1694763.25,0.0,0.0,25.084,25.436,25.436,2549100.05,2758769.57,2758769.57
2016-08-22,24.79,25.56,24.7,24.44,1792252.88,0.11,0.45,25.658,25.558,25.558,2877103.5,2936103.96,2936103.96
2016-08-19,25.15,25.32,24.59,24.51,2069911.62,-0.99,-3.87,25.73,25.73,25.73,3164874.17,3164874.17,3164874.17
2016-08-18,25.3,27.68,25.58,24.51,4133752.0,-0.27,-1.04,26.015,26.015,26.015,3438614.81,3438614.81,3438614.81
2016-08-17,26.61,27.44,25.85,25.36,3054820.5,-1.72,-6.24,26.16,26.16,26.16,3206902.42,3206902.42,3206902.42
2016-08-16,26.51,27.57,27.57,26.11,3334780.5,2.51,10.02,26.315,26.315,26.315,3282943.38,3282943.38,3282943.38
2016-08-15,23.45,25.06,25.06,23.41,3231106.25,2.28,10.01,25.06,25.06,25.06,3231106.25,3231106.25,3231106.25
